<?xml version = '1.0' encoding = 'UTF-8'?>
<relationalModel class="oracle.dbtools.crest.model.design.relational.RelationalDesign" name="Relational_1" id="9C6B5BF0-4FCA-2F02-5B98-4B75BF72223E" mainViewID="4EC27CA5-5FEE-5D0F-A095-0574FEB7E6F4">
<createdBy>Enner</createdBy>
<createdTime>2025-09-16 22:11:23 UTC</createdTime>
<ownerDesignName>dataModeler</ownerDesignName>
<shouldBeOpen>false</shouldBeOpen>
<selectedRDBMSSite>32076570-2523-435C-2E92-BF29817DFF70</selectedRDBMSSite>
</relationalModel>