<?xml version = '1.0' encoding = 'UTF-8'?>
<Relation class="oracle.dbtools.crest.model.design.logical.Relation" name="OCURRE" directorySegmentName="seg_0" id="031A7C40-8DBF-497C-0729-3AA90615DD37">
<createdBy>Enner</createdBy>
<createdTime>2025-09-16 23:18:22 UTC</createdTime>
<ownerDesignName>dataModeler</ownerDesignName>
<engineerTo>
<item key="9C6B5BF0-4FCA-2F02-5B98-4B75BF72223E" value="true"/>
</engineerTo>
<sourcePk>0EC6C62E-26F3-C46D-A12E-8A3F8EB2F1AF</sourcePk>
<identifying>true</identifying>
<optionalSource>true</optionalSource>
<optionalTarget>false</optionalTarget>
<sourceCardinality>1</sourceCardinality>
<sourceEntity>EA29BB6F-9F71-8D2E-5426-75BDFAD2C0B9</sourceEntity>
<targetCardinalityString>*</targetCardinalityString>
<targetEntity>4DB2A2FC-B25C-8710-E267-E7E57065C62D</targetEntity>
<transferable>true</transferable>
<deleteRule>NO ACTION</deleteRule>
</Relation>