<?xml version = '1.0' encoding = 'UTF-8'?>
<Relation class="oracle.dbtools.crest.model.design.logical.Relation" name="REQUIEREv1" directorySegmentName="seg_0" id="52C655A6-6F14-C04A-1BE7-A4459CA82DA8">
<createdBy>Enner</createdBy>
<createdTime>2025-09-17 00:12:31 UTC</createdTime>
<ownerDesignName>dataModeler</ownerDesignName>
<engineerTo>
<item key="9C6B5BF0-4FCA-2F02-5B98-4B75BF72223E" value="true"/>
</engineerTo>
<sourcePk>A153DF05-5177-682F-8F22-871E8135957F</sourcePk>
<identifying>true</identifying>
<optionalSource>true</optionalSource>
<optionalTarget>false</optionalTarget>
<sourceCardinality>1</sourceCardinality>
<sourceEntity>A0D6751B-B18C-673E-5427-5211A3378E6E</sourceEntity>
<targetCardinalityString>*</targetCardinalityString>
<targetEntity>85007B24-72D7-7AB4-2F75-EBD07B86BCE6</targetEntity>
<transferable>true</transferable>
<deleteRule>NO ACTION</deleteRule>
</Relation>