<?xml version = '1.0' encoding = 'UTF-8'?>
<Relation class="oracle.dbtools.crest.model.design.logical.Relation" name="TIENEv2" directorySegmentName="seg_0" id="5DA7F8BD-E665-CF63-205D-EB2A86F24994">
<createdBy>Enner</createdBy>
<createdTime>2025-09-16 23:19:29 UTC</createdTime>
<ownerDesignName>dataModeler</ownerDesignName>
<engineerTo>
<item key="9C6B5BF0-4FCA-2F02-5B98-4B75BF72223E" value="true"/>
</engineerTo>
<sourcePk>C30CCB8A-941A-2294-2CAF-3E24A08F95D0</sourcePk>
<identifying>true</identifying>
<optionalSource>false</optionalSource>
<optionalTarget>false</optionalTarget>
<sourceCardinality>1</sourceCardinality>
<sourceEntity>4A6254CF-E551-FC97-DA75-D8BD8E5A45F1</sourceEntity>
<targetCardinalityString>*</targetCardinalityString>
<targetEntity>4DB2A2FC-B25C-8710-E267-E7E57065C62D</targetEntity>
<transferable>true</transferable>
<deleteRule>NO ACTION</deleteRule>
</Relation>