<?xml version = '1.0' encoding = 'UTF-8'?>
<Relation class="oracle.dbtools.crest.model.design.logical.Relation" name="CONTENEDOR DE" directorySegmentName="seg_0" id="A5F041CF-102D-C639-B8E7-D2BC7E0CD7C3">
<createdBy>Enner</createdBy>
<createdTime>2025-09-17 00:04:58 UTC</createdTime>
<ownerDesignName>dataModeler</ownerDesignName>
<engineerTo>
<item key="9C6B5BF0-4FCA-2F02-5B98-4B75BF72223E" value="true"/>
</engineerTo>
<sourcePk>C30CCB8A-941A-2294-2CAF-3E24A08F95D0</sourcePk>
<identifying>true</identifying>
<optionalSource>false</optionalSource>
<optionalTarget>false</optionalTarget>
<sourceCardinality>1</sourceCardinality>
<sourceEntity>4A6254CF-E551-FC97-DA75-D8BD8E5A45F1</sourceEntity>
<targetCardinalityString>*</targetCardinalityString>
<targetEntity>376D8BEB-5DD4-D2D0-EB35-EB0E9B485E74</targetEntity>
<transferable>true</transferable>
<deleteRule>NO ACTION</deleteRule>
</Relation>