<?xml version = '1.0' encoding = 'UTF-8'?>
<Relation class="oracle.dbtools.crest.model.design.logical.Relation" name="IMPARTIDO" directorySegmentName="seg_0" id="AD46DCA3-B797-8EFA-C102-000E582DEA30">
<createdBy>Enner</createdBy>
<createdTime>2025-09-16 23:18:56 UTC</createdTime>
<ownerDesignName>dataModeler</ownerDesignName>
<engineerTo>
<item key="9C6B5BF0-4FCA-2F02-5B98-4B75BF72223E" value="true"/>
</engineerTo>
<sourcePk>6EE1ACA7-6CA0-E71B-87B4-BA6312912E27</sourcePk>
<identifying>true</identifying>
<optionalSource>false</optionalSource>
<optionalTarget>false</optionalTarget>
<sourceCardinality>1</sourceCardinality>
<sourceEntity>4A02F556-9BFB-755A-A24E-3C9B40E8EAEF</sourceEntity>
<targetCardinalityString>*</targetCardinalityString>
<targetEntity>4DB2A2FC-B25C-8710-E267-E7E57065C62D</targetEntity>
<transferable>true</transferable>
<deleteRule>NO ACTION</deleteRule>
</Relation>