<?xml version = '1.0' encoding = 'UTF-8'?>
<Relation class="oracle.dbtools.crest.model.design.logical.Relation" name="REALIZA" directorySegmentName="seg_0" id="B907CFDA-92EF-9122-8A57-8549F1EB090F">
<createdBy>Enner</createdBy>
<createdTime>2025-09-16 23:46:28 UTC</createdTime>
<ownerDesignName>dataModeler</ownerDesignName>
<engineerTo>
<item key="9C6B5BF0-4FCA-2F02-5B98-4B75BF72223E" value="true"/>
</engineerTo>
<sourcePk>C9D85101-0A18-9FDC-1889-862B634F45DF</sourcePk>
<identifying>true</identifying>
<optionalSource>false</optionalSource>
<optionalTarget>false</optionalTarget>
<sourceCardinality>1</sourceCardinality>
<sourceEntity>D8386C94-26BD-1296-F6E9-25720D785BBE</sourceEntity>
<targetCardinalityString>*</targetCardinalityString>
<targetEntity>58500E46-2455-A540-C9CD-0D18536D2557</targetEntity>
<transferable>true</transferable>
<deleteRule>NO ACTION</deleteRule>
</Relation>