<?xml version = '1.0' encoding = 'UTF-8'?>
<Relation class="oracle.dbtools.crest.model.design.logical.Relation" name="NECESITA" directorySegmentName="seg_0" id="ECB9C736-A2F8-F74B-CF58-F1A2727B64BD">
<createdBy>Enner</createdBy>
<createdTime>2025-09-16 23:47:41 UTC</createdTime>
<ownerDesignName>dataModeler</ownerDesignName>
<engineerTo>
<item key="9C6B5BF0-4FCA-2F02-5B98-4B75BF72223E" value="true"/>
</engineerTo>
<sourcePk>0A7DFF56-9A9C-AFB8-A15F-B9E8E8F8F8AE</sourcePk>
<identifying>true</identifying>
<optionalSource>true</optionalSource>
<optionalTarget>false</optionalTarget>
<sourceCardinality>1</sourceCardinality>
<sourceEntity>11491B8D-AAA2-3A2D-FFA2-C542CBF9CA24</sourceEntity>
<targetCardinalityString>*</targetCardinalityString>
<targetEntity>58500E46-2455-A540-C9CD-0D18536D2557</targetEntity>
<transferable>true</transferable>
<deleteRule>NO ACTION</deleteRule>
</Relation>