<?xml version = '1.0' encoding = 'UTF-8'?>
<Relation class="oracle.dbtools.crest.model.design.logical.Relation" name="CONTIENEv2" directorySegmentName="seg_0" id="FFC93B84-B240-B9BA-D379-D0A85B57B45F">
<createdBy>Enner</createdBy>
<createdTime>2025-09-16 23:55:30 UTC</createdTime>
<ownerDesignName>dataModeler</ownerDesignName>
<engineerTo>
<item key="9C6B5BF0-4FCA-2F02-5B98-4B75BF72223E" value="true"/>
</engineerTo>
<sourcePk>2DDBA447-6C8A-348D-74C5-EF3FFC9A7C49</sourcePk>
<identifying>true</identifying>
<optionalSource>true</optionalSource>
<optionalTarget>false</optionalTarget>
<sourceCardinality>1</sourceCardinality>
<sourceEntity>520BC0A9-2878-8B28-1B70-881F52F73CA9</sourceEntity>
<targetCardinalityString>*</targetCardinalityString>
<targetEntity>A0D6751B-B18C-673E-5427-5211A3378E6E</targetEntity>
<transferable>true</transferable>
<deleteRule>NO ACTION</deleteRule>
</Relation>