<?xml version = '1.0' encoding = 'UTF-8'?>
<FKIndexAssociation class="oracle.dbtools.crest.model.design.relational.FKIndexAssociation" directorySegmentName="seg_0" id="1D5B153B-809B-D0C2-9AFD-ED941440EF9B" containerWithKeyObject="14278374-8A20-6F13-D089-45CC88208037" localFKIndex="F85141EA-CECF-DBB7-9C2D-D33E089AC64A" name="HORARIO_SECCION_FK">
<createdBy>Enner</createdBy>
<createdTime>2025-09-17 00:47:19 UTC</createdTime>
<generatorID>5DA7F8BD-E665-CF63-205D-EB2A86F24994</generatorID>
<ownerDesignName>dataModeler</ownerDesignName>
<referredTableLongName>SECCION</referredTableLongName>
<deleteRule>NO ACTION</deleteRule>
<referredTableID>34489150-5917-9E69-7396-41A06AB146AA</referredTableID>
<keyObject>5CE355D2-4643-58E6-5187-B3D9A6DA7B42</keyObject>
<referredKeyID>5CE355D2-4643-58E6-5187-B3D9A6DA7B42</referredKeyID>
<mandatory>true</mandatory>
<refColNames>anio,id_seccion,ciclo,CURSO_id_curso</refColNames>
<transferable>true</transferable>
<rely>false</rely>
<columnDependencyConstraintGenerateInDDL>true</columnDependencyConstraintGenerateInDDL>
</FKIndexAssociation>