<?xml version = '1.0' encoding = 'UTF-8'?>
<FKIndexAssociation class="oracle.dbtools.crest.model.design.relational.FKIndexAssociation" directorySegmentName="seg_0" id="4F32860F-B76E-7AAF-2229-1F89ACBA2853" containerWithKeyObject="0491C99C-9B3A-34B9-9069-E8C60510117F" localFKIndex="257E94D6-FD76-CB4A-4558-D58302F5A212" name="PENSUM_PLAN_FK">
<createdBy>Enner</createdBy>
<createdTime>2025-09-17 00:47:19 UTC</createdTime>
<generatorID>F30CC687-532C-B3A2-FFAE-F8D0403B721F</generatorID>
<ownerDesignName>dataModeler</ownerDesignName>
<referredTableLongName>PLAN</referredTableLongName>
<deleteRule>NO ACTION</deleteRule>
<referredTableID>02BA1304-0354-1C08-BB20-2C8C4B9938A6</referredTableID>
<keyObject>A58270F2-5267-24CB-96C6-706ECFE8AEDA</keyObject>
<referredKeyID>A58270F2-5267-24CB-96C6-706ECFE8AEDA</referredKeyID>
<mandatory>true</mandatory>
<refColNames>id_plan,CARRERA_id_carrera</refColNames>
<transferable>true</transferable>
<rely>false</rely>
<columnDependencyConstraintGenerateInDDL>true</columnDependencyConstraintGenerateInDDL>
</FKIndexAssociation>