<?xml version = '1.0' encoding = 'UTF-8'?>
<FKIndexAssociation class="oracle.dbtools.crest.model.design.relational.FKIndexAssociation" directorySegmentName="seg_0" id="91FF7C70-4469-7B16-3045-E8770A794740" containerWithKeyObject="14278374-8A20-6F13-D089-45CC88208037" localFKIndex="790B73A2-72F7-F6DC-72D5-8FA6D6D68DCE" name="HORARIO_DIA_FK">
<createdBy>Enner</createdBy>
<createdTime>2025-09-17 00:47:19 UTC</createdTime>
<generatorID>031A7C40-8DBF-497C-0729-3AA90615DD37</generatorID>
<ownerDesignName>dataModeler</ownerDesignName>
<referredTableLongName>DIA</referredTableLongName>
<deleteRule>NO ACTION</deleteRule>
<referredTableID>DF6F030C-77B5-AE1D-37ED-CF3BA9B7C133</referredTableID>
<keyObject>0EB6BE7A-0E5A-84E1-019C-C20F636903BB</keyObject>
<referredKeyID>0EB6BE7A-0E5A-84E1-019C-C20F636903BB</referredKeyID>
<mandatory>true</mandatory>
<refColNames>id_dia</refColNames>
<transferable>true</transferable>
<rely>false</rely>
<columnDependencyConstraintGenerateInDDL>true</columnDependencyConstraintGenerateInDDL>
</FKIndexAssociation>