<?xml version = '1.0' encoding = 'UTF-8'?>
<FKIndexAssociation class="oracle.dbtools.crest.model.design.relational.FKIndexAssociation" directorySegmentName="seg_0" id="992B8392-1CFA-8A9F-D3AD-4F5B3364177D" containerWithKeyObject="562C48A8-3B86-3E1F-A9A3-75861850BC00" localFKIndex="0F4CB288-6FE8-5E7A-F9ED-ADF3420FAD4E" name="INSCRIPCION_ESTUDIANTE_FK">
<createdBy>Enner</createdBy>
<createdTime>2025-09-17 00:47:19 UTC</createdTime>
<generatorID>B907CFDA-92EF-9122-8A57-8549F1EB090F</generatorID>
<ownerDesignName>dataModeler</ownerDesignName>
<referredTableLongName>ESTUDIANTE</referredTableLongName>
<deleteRule>NO ACTION</deleteRule>
<referredTableID>40F644E8-4C76-51E2-7F9D-D2392C451440</referredTableID>
<keyObject>5D09F06F-24EA-B916-12CB-3C12EE2765E4</keyObject>
<referredKeyID>5D09F06F-24EA-B916-12CB-3C12EE2765E4</referredKeyID>
<mandatory>true</mandatory>
<refColNames>carnet</refColNames>
<transferable>true</transferable>
<rely>false</rely>
<columnDependencyConstraintGenerateInDDL>true</columnDependencyConstraintGenerateInDDL>
</FKIndexAssociation>