<?xml version = '1.0' encoding = 'UTF-8'?>
<Table class="oracle.dbtools.crest.model.design.relational.Table" directorySegmentName="seg_0" id="0491C99C-9B3A-34B9-9069-E8C60510117F" name="PENSUM">
<createdBy>Enner</createdBy>
<createdTime>2025-09-17 00:47:19 UTC</createdTime>
<generatorID>A0D6751B-B18C-673E-5427-5211A3378E6E</generatorID>
<ownerDesignName>dataModeler</ownerDesignName>
<allowColumnReorder>false</allowColumnReorder>
<existDependencyGenerateInDDl>true</existDependencyGenerateInDDl>
<parsed>true</parsed>
<columns itemClass="oracle.dbtools.crest.model.design.relational.Column">
<Column name="obligatorio" id="BE7E13C2-1EFF-8F1E-B96D-C42D2D2904D3">
<createdBy>Enner</createdBy>
<createdTime>2025-09-17 00:47:19 UTC</createdTime>
<generatorID>89073EB4-B9FF-649F-BACB-7FE630B8D1FC</generatorID>
<ownerDesignName>dataModeler</ownerDesignName>
<useDomainConstraints>false</useDomainConstraints>
<use>1</use>
<logicalDatatype>LOGDT006</logicalDatatype>
<dataTypeSize>1</dataTypeSize>
<ownDataTypeParameters>1,,</ownDataTypeParameters>
<autoIncrementCycle>false</autoIncrementCycle>
</Column>
<Column name="creditos" id="EAAAB549-2694-7C88-E36F-8C899C509E2A">
<createdBy>Enner</createdBy>
<createdTime>2025-09-17 00:47:19 UTC</createdTime>
<generatorID>1627C568-0B9A-1236-9C64-9DF996BDD51F</generatorID>
<ownerDesignName>dataModeler</ownerDesignName>
<useDomainConstraints>false</useDomainConstraints>
<use>1</use>
<logicalDatatype>LOGDT011</logicalDatatype>
<ownDataTypeParameters>,,</ownDataTypeParameters>
<autoIncrementCycle>false</autoIncrementCycle>
</Column>
<Column name="nota_aprobacion" id="6F635738-14F8-2604-BAC3-1789EBC34BC1">
<createdBy>Enner</createdBy>
<createdTime>2025-09-17 00:47:19 UTC</createdTime>
<generatorID>38969B10-0205-A0A7-6149-A9D19B87EB51</generatorID>
<ownerDesignName>dataModeler</ownerDesignName>
<useDomainConstraints>false</useDomainConstraints>
<use>1</use>
<logicalDatatype>LOGDT011</logicalDatatype>
<ownDataTypeParameters>,,</ownDataTypeParameters>
<autoIncrementCycle>false</autoIncrementCycle>
</Column>
<Column name="zona_minima" id="8E52E267-9361-F831-0398-34005DECC8CB">
<createdBy>Enner</createdBy>
<createdTime>2025-09-17 00:47:19 UTC</createdTime>
<generatorID>7B77B3BE-A481-1659-1C8A-322B1B7A2499</generatorID>
<ownerDesignName>dataModeler</ownerDesignName>
<useDomainConstraints>false</useDomainConstraints>
<use>1</use>
<logicalDatatype>LOGDT011</logicalDatatype>
<ownDataTypeParameters>,,</ownDataTypeParameters>
<autoIncrementCycle>false</autoIncrementCycle>
</Column>
<Column name="creditos_prerequisito" id="77E60C8B-F4AE-ADBB-6078-55474E8FB473">
<createdBy>Enner</createdBy>
<createdTime>2025-09-17 00:47:19 UTC</createdTime>
<generatorID>2426159F-540B-F220-AE75-AB4A3B21D4FD</generatorID>
<ownerDesignName>dataModeler</ownerDesignName>
<useDomainConstraints>false</useDomainConstraints>
<use>1</use>
<logicalDatatype>LOGDT011</logicalDatatype>
<ownDataTypeParameters>,,</ownDataTypeParameters>
<autoIncrementCycle>false</autoIncrementCycle>
</Column>
<Column name="PLAN_id_plan" id="F7586B47-5DF3-689D-A572-AAF7AAAC8E5F">
<createdBy>Enner</createdBy>
<createdTime>2025-09-17 00:47:19 UTC</createdTime>
<generatorID>895A18B6-DFCB-A16C-2454-82FDC62B1249</generatorID>
<ownerDesignName>dataModeler</ownerDesignName>
<useDomainConstraints>false</useDomainConstraints>
<use>1</use>
<logicalDatatype>LOGDT024</logicalDatatype>
<dataTypeSize>100</dataTypeSize>
<ownDataTypeParameters>,,</ownDataTypeParameters>
<previousColumn>false</previousColumn>
<autoIncrementCycle>false</autoIncrementCycle>
<associations>
<colAssociation fkAssociation="4F32860F-B76E-7AAF-2229-1F89ACBA2853" referredColumn="D44C6D51-E1C9-3F75-C2D6-0424D60F5505"/>
</associations>
</Column>
<Column name="CURSO_id_curso" id="9BAD5A3E-29FF-FCA4-706E-AD7A6ED147F1">
<createdBy>Enner</createdBy>
<createdTime>2025-09-17 00:47:19 UTC</createdTime>
<generatorID>E2BEBCA5-6C99-13A5-000F-92C18351D8AE</generatorID>
<ownerDesignName>dataModeler</ownerDesignName>
<useDomainConstraints>false</useDomainConstraints>
<use>1</use>
<logicalDatatype>LOGDT011</logicalDatatype>
<ownDataTypeParameters>,,</ownDataTypeParameters>
<previousColumn>false</previousColumn>
<autoIncrementCycle>false</autoIncrementCycle>
<associations>
<colAssociation fkAssociation="44047EFE-82FE-9FDC-9AFB-EE5277A97DA9" referredColumn="883446C9-B4E7-5B2B-30E4-E51A26853B9C"/>
</associations>
</Column>
<Column name="PLAN_CARRERA_id_carrera" id="41E08162-6811-6A55-73E3-21CD9C14CBEC">
<createdBy>Enner</createdBy>
<createdTime>2025-09-17 00:47:19 UTC</createdTime>
<generatorID>D0B9F979-4082-11A1-DC6E-D0A60E2D7943</generatorID>
<ownerDesignName>dataModeler</ownerDesignName>
<useDomainConstraints>false</useDomainConstraints>
<use>1</use>
<logicalDatatype>LOGDT011</logicalDatatype>
<ownDataTypeParameters>,,</ownDataTypeParameters>
<previousColumn>false</previousColumn>
<autoIncrementCycle>false</autoIncrementCycle>
<associations>
<colAssociation fkAssociation="4F32860F-B76E-7AAF-2229-1F89ACBA2853" referredColumn="CD1E48E2-2774-DC36-BA77-22637C45FC02"/>
</associations>
</Column>
</columns>
<indexes itemClass="oracle.dbtools.crest.model.design.relational.Index">
<ind_PK_UK id="795F2851-0564-164B-BA5F-17FB94D79D4C" name="PENSUM_PK">
<createdBy>Enner</createdBy>
<createdTime>2025-09-17 00:47:19 UTC</createdTime>
<generatorID>A153DF05-5177-682F-8F22-871E8135957F</generatorID>
<ownerDesignName>dataModeler</ownerDesignName>
<pk>true</pk>
<indexState>Primary Constraint</indexState>
<isSurrogateKey>false</isSurrogateKey>
<indexColumnUsage>
<colUsage columnID="F7586B47-5DF3-689D-A572-AAF7AAAC8E5F"/>
<colUsage columnID="41E08162-6811-6A55-73E3-21CD9C14CBEC"/>
<colUsage columnID="9BAD5A3E-29FF-FCA4-706E-AD7A6ED147F1"/>
</indexColumnUsage>
</ind_PK_UK>
<ind_PK_UK id="703B6F32-E60F-60EF-403B-D71EF5D639C5" name="PENSUM_CURSO_FK">
<createdBy>Enner</createdBy>
<createdTime>2025-09-17 00:47:19 UTC</createdTime>
<generatorID>FFC93B84-B240-B9BA-D379-D0A85B57B45F</generatorID>
<ownerDesignName>dataModeler</ownerDesignName>
<indexState>Foreign Key</indexState>
<isSurrogateKey>false</isSurrogateKey>
<indexColumnUsage>
<colUsage columnID="9BAD5A3E-29FF-FCA4-706E-AD7A6ED147F1"/>
</indexColumnUsage>
</ind_PK_UK>
<ind_PK_UK id="257E94D6-FD76-CB4A-4558-D58302F5A212" name="PENSUM_PLAN_FK">
<createdBy>Enner</createdBy>
<createdTime>2025-09-17 00:47:19 UTC</createdTime>
<generatorID>F30CC687-532C-B3A2-FFAE-F8D0403B721F</generatorID>
<ownerDesignName>dataModeler</ownerDesignName>
<indexState>Foreign Key</indexState>
<isSurrogateKey>false</isSurrogateKey>
<indexColumnUsage>
<colUsage columnID="F7586B47-5DF3-689D-A572-AAF7AAAC8E5F"/>
<colUsage columnID="41E08162-6811-6A55-73E3-21CD9C14CBEC"/>
</indexColumnUsage>
</ind_PK_UK>
</indexes>
</Table>