<?xml version = '1.0' encoding = 'UTF-8'?>
<Table class="oracle.dbtools.crest.model.design.relational.Table" directorySegmentName="seg_0" id="40F644E8-4C76-51E2-7F9D-D2392C451440" name="ESTUDIANTE">
<createdBy>Enner</createdBy>
<createdTime>2025-09-17 00:47:19 UTC</createdTime>
<generatorID>D8386C94-26BD-1296-F6E9-25720D785BBE</generatorID>
<ownerDesignName>dataModeler</ownerDesignName>
<allowColumnReorder>false</allowColumnReorder>
<existDependencyGenerateInDDl>true</existDependencyGenerateInDDl>
<parsed>true</parsed>
<columns itemClass="oracle.dbtools.crest.model.design.relational.Column">
<Column name="carnet" id="C8DA71DA-390A-59CA-10E2-A0E3FE5B6858">
<createdBy>Enner</createdBy>
<createdTime>2025-09-17 00:47:19 UTC</createdTime>
<generatorID>847449DF-4EDF-775C-3BAD-81C7C88A34A2</generatorID>
<ownerDesignName>dataModeler</ownerDesignName>
<useDomainConstraints>false</useDomainConstraints>
<use>1</use>
<logicalDatatype>LOGDT011</logicalDatatype>
<ownDataTypeParameters>,,</ownDataTypeParameters>
<autoIncrementCycle>false</autoIncrementCycle>
</Column>
<Column name="nombre" id="48D5EA0B-4A84-924F-DDD5-EAC178937F77">
<createdBy>Enner</createdBy>
<createdTime>2025-09-17 00:47:19 UTC</createdTime>
<generatorID>AB068814-677B-989C-ADBD-51D87473C8DA</generatorID>
<ownerDesignName>dataModeler</ownerDesignName>
<useDomainConstraints>false</useDomainConstraints>
<use>1</use>
<logicalDatatype>LOGDT024</logicalDatatype>
<dataTypeSize>100</dataTypeSize>
<ownDataTypeParameters>100,,</ownDataTypeParameters>
<autoIncrementCycle>false</autoIncrementCycle>
</Column>
<Column name="fecha_nacimiento" id="2F57A74D-5A6B-D3E6-EE53-F5FFB389CE6E">
<createdBy>Enner</createdBy>
<createdTime>2025-09-17 00:47:19 UTC</createdTime>
<generatorID>23C3DD20-DD83-C251-CBDD-6A9D96614F90</generatorID>
<ownerDesignName>dataModeler</ownerDesignName>
<useDomainConstraints>false</useDomainConstraints>
<use>1</use>
<logicalDatatype>LOGDT007</logicalDatatype>
<ownDataTypeParameters>,,</ownDataTypeParameters>
<autoIncrementCycle>false</autoIncrementCycle>
</Column>
<Column name="ingreso_familiar" id="C47C8F1F-3532-9EAC-E6F7-E80E2D453D82">
<createdBy>Enner</createdBy>
<createdTime>2025-09-17 00:47:19 UTC</createdTime>
<generatorID>D4F05DDD-BE84-D870-5577-7B0C1D09D650</generatorID>
<ownerDesignName>dataModeler</ownerDesignName>
<nullsAllowed>true</nullsAllowed>
<useDomainConstraints>false</useDomainConstraints>
<use>1</use>
<logicalDatatype>LOGDT026</logicalDatatype>
<ownDataTypeParameters>,,</ownDataTypeParameters>
<autoIncrementCycle>false</autoIncrementCycle>
</Column>
</columns>
<indexes itemClass="oracle.dbtools.crest.model.design.relational.Index">
<ind_PK_UK id="5D09F06F-24EA-B916-12CB-3C12EE2765E4" name="ESTUDIANTE_PK">
<createdBy>Enner</createdBy>
<createdTime>2025-09-17 00:47:19 UTC</createdTime>
<generatorID>C9D85101-0A18-9FDC-1889-862B634F45DF</generatorID>
<ownerDesignName>dataModeler</ownerDesignName>
<pk>true</pk>
<indexState>Primary Constraint</indexState>
<isSurrogateKey>false</isSurrogateKey>
<indexColumnUsage>
<colUsage columnID="C8DA71DA-390A-59CA-10E2-A0E3FE5B6858"/>
</indexColumnUsage>
</ind_PK_UK>
</indexes>
</Table>