<?xml version = '1.0' encoding = 'UTF-8'?>
<Table class="oracle.dbtools.crest.model.design.relational.Table" directorySegmentName="seg_0" id="455C91A3-1DB0-BFE7-A103-E1A182A32971" name="SALON">
<createdBy>Enner</createdBy>
<createdTime>2025-09-17 00:47:19 UTC</createdTime>
<generatorID>4A02F556-9BFB-755A-A24E-3C9B40E8EAEF</generatorID>
<ownerDesignName>dataModeler</ownerDesignName>
<allowColumnReorder>false</allowColumnReorder>
<existDependencyGenerateInDDl>true</existDependencyGenerateInDDl>
<parsed>true</parsed>
<columns itemClass="oracle.dbtools.crest.model.design.relational.Column">
<Column name="id_edificio" id="72336D74-AA91-4EF8-5A06-E26CDAAE8ACA">
<createdBy>Enner</createdBy>
<createdTime>2025-09-17 00:47:19 UTC</createdTime>
<generatorID>DCA4BE46-CF4D-2AF7-C099-B18A216F68E4</generatorID>
<ownerDesignName>dataModeler</ownerDesignName>
<useDomainConstraints>false</useDomainConstraints>
<use>1</use>
<logicalDatatype>LOGDT024</logicalDatatype>
<dataTypeSize>100</dataTypeSize>
<ownDataTypeParameters>100,,</ownDataTypeParameters>
<autoIncrementCycle>false</autoIncrementCycle>
</Column>
<Column name="id_salon" id="C50F1DD4-8634-6A99-69C2-A35926303A3F">
<createdBy>Enner</createdBy>
<createdTime>2025-09-17 00:47:19 UTC</createdTime>
<generatorID>40FCF85C-2E85-EBF3-8202-7336A23BDBA3</generatorID>
<ownerDesignName>dataModeler</ownerDesignName>
<useDomainConstraints>false</useDomainConstraints>
<use>1</use>
<logicalDatatype>LOGDT011</logicalDatatype>
<ownDataTypeParameters>,,</ownDataTypeParameters>
<autoIncrementCycle>false</autoIncrementCycle>
</Column>
<Column name="capacidad" id="BB37C512-087F-1E0D-7AC9-4C7CE5822699">
<createdBy>Enner</createdBy>
<createdTime>2025-09-17 00:47:19 UTC</createdTime>
<generatorID>C56112F7-9D0E-FE47-4206-93C6C049C7F1</generatorID>
<ownerDesignName>dataModeler</ownerDesignName>
<useDomainConstraints>false</useDomainConstraints>
<use>1</use>
<logicalDatatype>LOGDT011</logicalDatatype>
<ownDataTypeParameters>,,</ownDataTypeParameters>
<autoIncrementCycle>false</autoIncrementCycle>
</Column>
</columns>
<indexes itemClass="oracle.dbtools.crest.model.design.relational.Index">
<ind_PK_UK id="6DE777D8-DF53-CC13-CEE4-DDE664CE58E2" name="SALON_PK">
<createdBy>Enner</createdBy>
<createdTime>2025-09-17 00:47:19 UTC</createdTime>
<generatorID>6EE1ACA7-6CA0-E71B-87B4-BA6312912E27</generatorID>
<ownerDesignName>dataModeler</ownerDesignName>
<pk>true</pk>
<indexState>Primary Constraint</indexState>
<isSurrogateKey>false</isSurrogateKey>
<indexColumnUsage>
<colUsage columnID="72336D74-AA91-4EF8-5A06-E26CDAAE8ACA"/>
<colUsage columnID="C50F1DD4-8634-6A99-69C2-A35926303A3F"/>
</indexColumnUsage>
</ind_PK_UK>
</indexes>
</Table>