<?xml version = '1.0' encoding = 'UTF-8'?>
<Entity class="oracle.dbtools.crest.model.design.logical.Entity" directorySegmentName="seg_0" id="520BC0A9-2878-8B28-1B70-881F52F73CA9" name="CURSO">
<createdBy>Enner</createdBy>
<createdTime>2025-09-16 22:41:42 UTC</createdTime>
<ownerDesignName>dataModeler</ownerDesignName>
<engineerTo>
<item key="9C6B5BF0-4FCA-2F02-5B98-4B75BF72223E" value="true"/>
</engineerTo>
<adequatelyNormalized>NO</adequatelyNormalized>
<expectedVolumes>0</expectedVolumes>
<fwdEngineeringStrategyName>Single Table</fwdEngineeringStrategyName>
<growthPercent>0</growthPercent>
<growthType>Year</growthType>
<maxVolumes>9999999</maxVolumes>
<minVolumes>0</minVolumes>
<normalForm>Third</normalForm>
<attributes itemClass="oracle.dbtools.crest.model.design.logical.Attribute">
<Attribute name="nombre" id="B3EF4D3C-9B68-9859-CFBD-5F346F2E3BF5">
<createdBy>Enner</createdBy>
<createdTime>2025-09-16 22:41:57 UTC</createdTime>
<ownerDesignName>dataModeler</ownerDesignName>
<engineerTo>
<item key="9C6B5BF0-4FCA-2F02-5B98-4B75BF72223E" value="true"/>
</engineerTo>
<useDomainConstraints>false</useDomainConstraints>
<use>1</use>
<logicalDatatype>LOGDT024</logicalDatatype>
<dataTypeSize>100</dataTypeSize>
<ownDataTypeParameters>100,,</ownDataTypeParameters>
</Attribute>
<Attribute name="id_curso" id="9FD84096-CB62-2D47-01D2-6185C8230623">
<createdBy>Enner</createdBy>
<createdTime>2025-09-16 23:56:57 UTC</createdTime>
<ownerDesignName>dataModeler</ownerDesignName>
<engineerTo>
<item key="9C6B5BF0-4FCA-2F02-5B98-4B75BF72223E" value="true"/>
</engineerTo>
<useDomainConstraints>false</useDomainConstraints>
<use>1</use>
<logicalDatatype>LOGDT011</logicalDatatype>
<ownDataTypeParameters>,,</ownDataTypeParameters>
</Attribute>
</attributes>
<identifiers itemClass="oracle.dbtools.crest.model.design.logical.CandidateKey">
<identifier id="2DDBA447-6C8A-348D-74C5-EF3FFC9A7C49" name="CURSO PK">
<createdBy>Enner</createdBy>
<createdTime>2025-09-16 23:57:10 UTC</createdTime>
<ownerDesignName>dataModeler</ownerDesignName>
<engineerTo>
<item key="9C6B5BF0-4FCA-2F02-5B98-4B75BF72223E" value="true"/>
</engineerTo>
<pk>true</pk>
<usedAttributes>
<attributeRef>9FD84096-CB62-2D47-01D2-6185C8230623</attributeRef>
</usedAttributes>
</identifier>
</identifiers>
</Entity>