<?xml version = '1.0' encoding = 'UTF-8'?>
<Entity class="oracle.dbtools.crest.model.design.logical.Entity" directorySegmentName="seg_0" id="85007B24-72D7-7AB4-2F75-EBD07B86BCE6" name="PRERREQUISITO">
<createdBy>Enner</createdBy>
<createdTime>2025-09-16 22:46:48 UTC</createdTime>
<ownerDesignName>dataModeler</ownerDesignName>
<engineerTo>
<item key="9C6B5BF0-4FCA-2F02-5B98-4B75BF72223E" value="true"/>
</engineerTo>
<adequatelyNormalized>NO</adequatelyNormalized>
<expectedVolumes>0</expectedVolumes>
<fwdEngineeringStrategyName>Single Table</fwdEngineeringStrategyName>
<growthPercent>0</growthPercent>
<growthType>Year</growthType>
<maxVolumes>9999999</maxVolumes>
<minVolumes>0</minVolumes>
<normalForm>Third</normalForm>
<attributes itemClass="oracle.dbtools.crest.model.design.logical.Attribute">
<Attribute name="id_curso" id="BBD45F82-2A1C-7170-4497-FAD29D372139">
<createdBy>Enner</createdBy>
<createdTime>2025-09-17 00:07:03 UTC</createdTime>
<generatorID>E6424326-4388-D748-4193-2BDD9CD38432</generatorID>
<ownerDesignName>dataModeler</ownerDesignName>
<engineerTo>
<item key="9C6B5BF0-4FCA-2F02-5B98-4B75BF72223E" value="true"/>
</engineerTo>
<referedAttribute>9FD84096-CB62-2D47-01D2-6185C8230623</referedAttribute>
<useDomainConstraints>false</useDomainConstraints>
<use>1</use>
<logicalDatatype>LOGDT011</logicalDatatype>
<ownDataTypeParameters>,,</ownDataTypeParameters>
</Attribute>
<Attribute name="id_plan" id="4FB80959-D0DD-EBCF-B136-52CFF09C00D5">
<createdBy>Enner</createdBy>
<createdTime>2025-09-17 00:12:31 UTC</createdTime>
<generatorID>52C655A6-6F14-C04A-1BE7-A4459CA82DA8</generatorID>
<ownerDesignName>dataModeler</ownerDesignName>
<engineerTo>
<item key="9C6B5BF0-4FCA-2F02-5B98-4B75BF72223E" value="true"/>
</engineerTo>
<referedAttribute>895A18B6-DFCB-A16C-2454-82FDC62B1249</referedAttribute>
<useDomainConstraints>false</useDomainConstraints>
<use>1</use>
<logicalDatatype>LOGDT024</logicalDatatype>
<dataTypeSize>100</dataTypeSize>
<ownDataTypeParameters>,,</ownDataTypeParameters>
</Attribute>
<Attribute name="id_curso1" id="BC344C7B-12BF-414A-4862-6A5B92B07E1F">
<createdBy>Enner</createdBy>
<createdTime>2025-09-17 00:12:31 UTC</createdTime>
<generatorID>52C655A6-6F14-C04A-1BE7-A4459CA82DA8</generatorID>
<ownerDesignName>dataModeler</ownerDesignName>
<engineerTo>
<item key="9C6B5BF0-4FCA-2F02-5B98-4B75BF72223E" value="true"/>
</engineerTo>
<referedAttribute>E2BEBCA5-6C99-13A5-000F-92C18351D8AE</referedAttribute>
<useDomainConstraints>false</useDomainConstraints>
<use>1</use>
<logicalDatatype>LOGDT011</logicalDatatype>
<ownDataTypeParameters>,,</ownDataTypeParameters>
</Attribute>
<Attribute name="id_carrera" id="0488E910-29FA-290F-B982-E628F29F109B">
<createdBy>Enner</createdBy>
<createdTime>2025-09-17 00:37:12 UTC</createdTime>
<generatorID>52C655A6-6F14-C04A-1BE7-A4459CA82DA8</generatorID>
<ownerDesignName>dataModeler</ownerDesignName>
<engineerTo>
<item key="9C6B5BF0-4FCA-2F02-5B98-4B75BF72223E" value="true"/>
</engineerTo>
<referedAttribute>D0B9F979-4082-11A1-DC6E-D0A60E2D7943</referedAttribute>
<useDomainConstraints>false</useDomainConstraints>
<use>1</use>
<logicalDatatype>LOGDT011</logicalDatatype>
<ownDataTypeParameters>,,</ownDataTypeParameters>
</Attribute>
</attributes>
<identifiers itemClass="oracle.dbtools.crest.model.design.logical.CandidateKey">
<identifier id="A9F1439F-8503-D967-F18B-0501F6F6B18F" name="PRERREQUISITO PK">
<createdBy>Enner</createdBy>
<createdTime>2025-09-17 00:07:03 UTC</createdTime>
<ownerDesignName>dataModeler</ownerDesignName>
<engineerTo>
<item key="9C6B5BF0-4FCA-2F02-5B98-4B75BF72223E" value="true"/>
</engineerTo>
<pk>true</pk>
<usedAttributes>
<attributeRef>BBD45F82-2A1C-7170-4497-FAD29D372139</attributeRef>
<attributeRef>4FB80959-D0DD-EBCF-B136-52CFF09C00D5</attributeRef>
<attributeRef>BC344C7B-12BF-414A-4862-6A5B92B07E1F</attributeRef>
<attributeRef>0488E910-29FA-290F-B982-E628F29F109B</attributeRef>
</usedAttributes>
</identifier>
</identifiers>
</Entity>