<?xml version = '1.0' encoding = 'UTF-8'?>
<Entity class="oracle.dbtools.crest.model.design.logical.Entity" directorySegmentName="seg_0" id="A0D6751B-B18C-673E-5427-5211A3378E6E" name="PENSUM">
<createdBy>Enner</createdBy>
<createdTime>2025-09-16 22:42:35 UTC</createdTime>
<ownerDesignName>dataModeler</ownerDesignName>
<engineerTo>
<item key="9C6B5BF0-4FCA-2F02-5B98-4B75BF72223E" value="true"/>
</engineerTo>
<adequatelyNormalized>NO</adequatelyNormalized>
<expectedVolumes>0</expectedVolumes>
<fwdEngineeringStrategyName>Single Table</fwdEngineeringStrategyName>
<growthPercent>0</growthPercent>
<growthType>Year</growthType>
<maxVolumes>9999999</maxVolumes>
<minVolumes>0</minVolumes>
<normalForm>Third</normalForm>
<attributes itemClass="oracle.dbtools.crest.model.design.logical.Attribute">
<Attribute name="obligatorio" id="89073EB4-B9FF-649F-BACB-7FE630B8D1FC">
<createdBy>Enner</createdBy>
<createdTime>2025-09-16 22:42:43 UTC</createdTime>
<ownerDesignName>dataModeler</ownerDesignName>
<engineerTo>
<item key="9C6B5BF0-4FCA-2F02-5B98-4B75BF72223E" value="true"/>
</engineerTo>
<useDomainConstraints>false</useDomainConstraints>
<use>1</use>
<logicalDatatype>LOGDT006</logicalDatatype>
<dataTypeSize>1</dataTypeSize>
<ownDataTypeParameters>1,,</ownDataTypeParameters>
</Attribute>
<Attribute name="creditos" id="1627C568-0B9A-1236-9C64-9DF996BDD51F">
<createdBy>Enner</createdBy>
<createdTime>2025-09-16 22:43:04 UTC</createdTime>
<ownerDesignName>dataModeler</ownerDesignName>
<engineerTo>
<item key="9C6B5BF0-4FCA-2F02-5B98-4B75BF72223E" value="true"/>
</engineerTo>
<useDomainConstraints>false</useDomainConstraints>
<use>1</use>
<logicalDatatype>LOGDT011</logicalDatatype>
<ownDataTypeParameters>,,</ownDataTypeParameters>
</Attribute>
<Attribute name="nota_aprobacion" id="38969B10-0205-A0A7-6149-A9D19B87EB51">
<createdBy>Enner</createdBy>
<createdTime>2025-09-16 22:43:15 UTC</createdTime>
<ownerDesignName>dataModeler</ownerDesignName>
<engineerTo>
<item key="9C6B5BF0-4FCA-2F02-5B98-4B75BF72223E" value="true"/>
</engineerTo>
<useDomainConstraints>false</useDomainConstraints>
<use>1</use>
<logicalDatatype>LOGDT011</logicalDatatype>
<ownDataTypeParameters>,,</ownDataTypeParameters>
</Attribute>
<Attribute name="zona_minima" id="7B77B3BE-A481-1659-1C8A-322B1B7A2499">
<createdBy>Enner</createdBy>
<createdTime>2025-09-16 22:43:26 UTC</createdTime>
<ownerDesignName>dataModeler</ownerDesignName>
<engineerTo>
<item key="9C6B5BF0-4FCA-2F02-5B98-4B75BF72223E" value="true"/>
</engineerTo>
<useDomainConstraints>false</useDomainConstraints>
<use>1</use>
<logicalDatatype>LOGDT011</logicalDatatype>
<ownDataTypeParameters>,,</ownDataTypeParameters>
</Attribute>
<Attribute name="creditos_prerequisito" id="2426159F-540B-F220-AE75-AB4A3B21D4FD">
<createdBy>Enner</createdBy>
<createdTime>2025-09-16 22:43:39 UTC</createdTime>
<ownerDesignName>dataModeler</ownerDesignName>
<engineerTo>
<item key="9C6B5BF0-4FCA-2F02-5B98-4B75BF72223E" value="true"/>
</engineerTo>
<useDomainConstraints>false</useDomainConstraints>
<use>1</use>
<logicalDatatype>LOGDT011</logicalDatatype>
<ownDataTypeParameters>,,</ownDataTypeParameters>
</Attribute>
<Attribute name="id_plan" id="895A18B6-DFCB-A16C-2454-82FDC62B1249">
<createdBy>Enner</createdBy>
<createdTime>2025-09-16 23:53:31 UTC</createdTime>
<generatorID>F30CC687-532C-B3A2-FFAE-F8D0403B721F</generatorID>
<ownerDesignName>dataModeler</ownerDesignName>
<engineerTo>
<item key="9C6B5BF0-4FCA-2F02-5B98-4B75BF72223E" value="true"/>
</engineerTo>
<referedAttribute>0CB04907-5B9E-9F0C-F5A7-52AAAB203BCC</referedAttribute>
<useDomainConstraints>false</useDomainConstraints>
<use>1</use>
<logicalDatatype>LOGDT024</logicalDatatype>
<dataTypeSize>100</dataTypeSize>
<ownDataTypeParameters>,,</ownDataTypeParameters>
</Attribute>
<Attribute name="id_curso" id="E2BEBCA5-6C99-13A5-000F-92C18351D8AE">
<createdBy>Enner</createdBy>
<createdTime>2025-09-16 23:57:21 UTC</createdTime>
<generatorID>FFC93B84-B240-B9BA-D379-D0A85B57B45F</generatorID>
<ownerDesignName>dataModeler</ownerDesignName>
<engineerTo>
<item key="9C6B5BF0-4FCA-2F02-5B98-4B75BF72223E" value="true"/>
</engineerTo>
<referedAttribute>9FD84096-CB62-2D47-01D2-6185C8230623</referedAttribute>
<useDomainConstraints>false</useDomainConstraints>
<use>1</use>
<logicalDatatype>LOGDT011</logicalDatatype>
<ownDataTypeParameters>,,</ownDataTypeParameters>
</Attribute>
<Attribute name="id_carrera" id="D0B9F979-4082-11A1-DC6E-D0A60E2D7943">
<createdBy>Enner</createdBy>
<createdTime>2025-09-17 00:37:12 UTC</createdTime>
<generatorID>F30CC687-532C-B3A2-FFAE-F8D0403B721F</generatorID>
<ownerDesignName>dataModeler</ownerDesignName>
<engineerTo>
<item key="9C6B5BF0-4FCA-2F02-5B98-4B75BF72223E" value="true"/>
</engineerTo>
<referedAttribute>1D3B99EA-E07C-1667-17B9-56639040670D</referedAttribute>
<useDomainConstraints>false</useDomainConstraints>
<use>1</use>
<logicalDatatype>LOGDT011</logicalDatatype>
<ownDataTypeParameters>,,</ownDataTypeParameters>
</Attribute>
</attributes>
<identifiers itemClass="oracle.dbtools.crest.model.design.logical.CandidateKey">
<identifier id="A153DF05-5177-682F-8F22-871E8135957F" name="PENSUM PK">
<createdBy>Enner</createdBy>
<createdTime>2025-09-16 23:53:31 UTC</createdTime>
<ownerDesignName>dataModeler</ownerDesignName>
<engineerTo>
<item key="9C6B5BF0-4FCA-2F02-5B98-4B75BF72223E" value="true"/>
</engineerTo>
<pk>true</pk>
<usedAttributes>
<attributeRef>895A18B6-DFCB-A16C-2454-82FDC62B1249</attributeRef>
<attributeRef>D0B9F979-4082-11A1-DC6E-D0A60E2D7943</attributeRef>
<attributeRef>E2BEBCA5-6C99-13A5-000F-92C18351D8AE</attributeRef>
</usedAttributes>
</identifier>
</identifiers>
</Entity>