<?xml version = '1.0' encoding = 'UTF-8'?>
<Entity class="oracle.dbtools.crest.model.design.logical.Entity" directorySegmentName="seg_0" id="CBBEA2E5-99BE-06C0-AE71-37A488D9935B" name="PLAN">
<createdBy>Enner</createdBy>
<createdTime>2025-09-16 22:28:48 UTC</createdTime>
<ownerDesignName>dataModeler</ownerDesignName>
<engineerTo>
<item key="9C6B5BF0-4FCA-2F02-5B98-4B75BF72223E" value="true"/>
</engineerTo>
<adequatelyNormalized>NO</adequatelyNormalized>
<expectedVolumes>0</expectedVolumes>
<fwdEngineeringStrategyName>Single Table</fwdEngineeringStrategyName>
<growthPercent>0</growthPercent>
<growthType>Year</growthType>
<maxVolumes>9999999</maxVolumes>
<minVolumes>0</minVolumes>
<normalForm>Third</normalForm>
<attributes itemClass="oracle.dbtools.crest.model.design.logical.Attribute">
<Attribute name="id_plan" id="0CB04907-5B9E-9F0C-F5A7-52AAAB203BCC">
<createdBy>Enner</createdBy>
<createdTime>2025-09-16 22:33:36 UTC</createdTime>
<ownerDesignName>dataModeler</ownerDesignName>
<engineerTo>
<item key="9C6B5BF0-4FCA-2F02-5B98-4B75BF72223E" value="true"/>
</engineerTo>
<useDomainConstraints>false</useDomainConstraints>
<use>1</use>
<logicalDatatype>LOGDT024</logicalDatatype>
<dataTypeSize>100</dataTypeSize>
<ownDataTypeParameters>100,,</ownDataTypeParameters>
</Attribute>
<Attribute name="nombre" id="34EA79D5-4809-6568-024A-36393110E84A">
<createdBy>Enner</createdBy>
<createdTime>2025-09-16 22:38:11 UTC</createdTime>
<ownerDesignName>dataModeler</ownerDesignName>
<engineerTo>
<item key="9C6B5BF0-4FCA-2F02-5B98-4B75BF72223E" value="true"/>
</engineerTo>
<useDomainConstraints>false</useDomainConstraints>
<use>1</use>
<logicalDatatype>LOGDT024</logicalDatatype>
<dataTypeSize>100</dataTypeSize>
<ownDataTypeParameters>100,,</ownDataTypeParameters>
</Attribute>
<Attribute name="anio_inicial" id="18A99662-A015-F147-F29A-450BF099FDEE">
<createdBy>Enner</createdBy>
<createdTime>2025-09-16 22:38:35 UTC</createdTime>
<ownerDesignName>dataModeler</ownerDesignName>
<engineerTo>
<item key="9C6B5BF0-4FCA-2F02-5B98-4B75BF72223E" value="true"/>
</engineerTo>
<useDomainConstraints>false</useDomainConstraints>
<use>1</use>
<logicalDatatype>LOGDT011</logicalDatatype>
<ownDataTypeParameters>,,</ownDataTypeParameters>
</Attribute>
<Attribute name="ciclo_inicial" id="EEA140D2-DCF4-684B-3CEC-3CB60B7D4973">
<createdBy>Enner</createdBy>
<createdTime>2025-09-16 22:38:49 UTC</createdTime>
<ownerDesignName>dataModeler</ownerDesignName>
<engineerTo>
<item key="9C6B5BF0-4FCA-2F02-5B98-4B75BF72223E" value="true"/>
</engineerTo>
<useDomainConstraints>false</useDomainConstraints>
<use>1</use>
<logicalDatatype>LOGDT024</logicalDatatype>
<dataTypeSize>100</dataTypeSize>
<ownDataTypeParameters>100,,</ownDataTypeParameters>
</Attribute>
<Attribute name="anio_final" id="64669817-C7F9-1DCA-D5D8-6103ABDC9E73">
<createdBy>Enner</createdBy>
<createdTime>2025-09-16 22:39:05 UTC</createdTime>
<ownerDesignName>dataModeler</ownerDesignName>
<engineerTo>
<item key="9C6B5BF0-4FCA-2F02-5B98-4B75BF72223E" value="true"/>
</engineerTo>
<useDomainConstraints>false</useDomainConstraints>
<use>1</use>
<logicalDatatype>LOGDT011</logicalDatatype>
<ownDataTypeParameters>,,</ownDataTypeParameters>
</Attribute>
<Attribute name="ciclo_final" id="F28D0E60-655E-5009-E9FC-B9C63537E723">
<createdBy>Enner</createdBy>
<createdTime>2025-09-16 22:39:25 UTC</createdTime>
<ownerDesignName>dataModeler</ownerDesignName>
<engineerTo>
<item key="9C6B5BF0-4FCA-2F02-5B98-4B75BF72223E" value="true"/>
</engineerTo>
<useDomainConstraints>false</useDomainConstraints>
<use>1</use>
<logicalDatatype>LOGDT024</logicalDatatype>
<dataTypeSize>100</dataTypeSize>
<ownDataTypeParameters>100,,</ownDataTypeParameters>
</Attribute>
<Attribute name="creditos_cierre" id="0EE6BF77-BADA-3975-322E-1BFE71316BED">
<createdBy>Enner</createdBy>
<createdTime>2025-09-16 22:39:46 UTC</createdTime>
<ownerDesignName>dataModeler</ownerDesignName>
<engineerTo>
<item key="9C6B5BF0-4FCA-2F02-5B98-4B75BF72223E" value="true"/>
</engineerTo>
<useDomainConstraints>false</useDomainConstraints>
<use>1</use>
<logicalDatatype>LOGDT011</logicalDatatype>
<ownDataTypeParameters>,,</ownDataTypeParameters>
</Attribute>
<Attribute name="id_carrera" id="1D3B99EA-E07C-1667-17B9-56639040670D">
<createdBy>Enner</createdBy>
<createdTime>2025-09-17 00:37:12 UTC</createdTime>
<generatorID>29016FAE-E93B-37EA-5741-E579DAB73041</generatorID>
<ownerDesignName>dataModeler</ownerDesignName>
<engineerTo>
<item key="9C6B5BF0-4FCA-2F02-5B98-4B75BF72223E" value="true"/>
</engineerTo>
<referedAttribute>126FBA95-7E39-3EDF-C3B9-28DD1A585CA4</referedAttribute>
<useDomainConstraints>false</useDomainConstraints>
<use>1</use>
<logicalDatatype>LOGDT011</logicalDatatype>
<ownDataTypeParameters>,,</ownDataTypeParameters>
</Attribute>
</attributes>
<identifiers itemClass="oracle.dbtools.crest.model.design.logical.CandidateKey">
<identifier id="704D754E-9B67-9B64-4651-A67EB7D3C06E" name="PLAN PK">
<createdBy>Enner</createdBy>
<createdTime>2025-09-16 22:33:49 UTC</createdTime>
<ownerDesignName>dataModeler</ownerDesignName>
<engineerTo>
<item key="9C6B5BF0-4FCA-2F02-5B98-4B75BF72223E" value="true"/>
</engineerTo>
<pk>true</pk>
<usedAttributes>
<attributeRef>0CB04907-5B9E-9F0C-F5A7-52AAAB203BCC</attributeRef>
<attributeRef>1D3B99EA-E07C-1667-17B9-56639040670D</attributeRef>
</usedAttributes>
</identifier>
</identifiers>
</Entity>